luca@gmail.com,utente1
fideliti@gmail.com,fideliti1
marco@gmail.com,marco1,marco1
tester12@gmail.com,teste,teste
testLuca@gmail.com,testLuca,testLuca
finalTest@gmail.com,final,final
soffitta@gmail.com,soffitta1
carlo@gmail.com,carlo1,carlo1
pruno@gmail.com,pruno1,pruno1
infinita@gmail.com,infinita1
test4@gmail.com,testpass4,testpass4
sergio@gmail.com,sergio1,sergio1
fico@virgilio.it,fico1,fico1
lalibreria@libero.it,libro1
