luca@gmail.com,lucagiov,luca,giovannini,Roma

marco@gmail.com,marcol,marco,lombo,Torino
tester12@gmail.com,Tester,tester12,IlTester,Roma
testLuca@gmail.com,TesterLuca,testLuca,tester,Roma
finalTest@gmail.com,finalTester,testFinal,finalTest,Roma
carlo@gmail.com,carlot,carlo,melot,Roma
pruno@gmail.com,prunog,pruno,giova,Firenze
test4@gmail.com,Testator,test,tester,Roma
sergio@gmail.com,sergiog,sergio,gian,Roma
fico@virgilio.it,ficootto,fico,trotto,Catanzaro
